{
  "type": "Filesystem",
  "managed": true,
  "formatType": "csv",
  "checklists": {
    "checklists": []
  },
  "checks": [],
  "customMeta": {
    "kv": {}
  },
  "flowOptions": {
    "virtualizable": false,
    "rebuildBehavior": "NORMAL",
    "crossProjectBuildBehavior": "DEFAULT"
  },
  "readWriteOptions": {
    "preserveOrder": false,
    "writeBuckets": 1,
    "forceSingleOutputFile": false,
    "defaultReadOrdering": {
      "enabled": false,
      "rules": []
    }
  },
  "formatParams": {
    "style": "unix",
    "charset": "utf8",
    "separator": "\t",
    "quoteChar": "\"",
    "escapeChar": "\\",
    "dateSerializationFormat": "ISO",
    "arrayMapFormat": "json",
    "hiveSeparators": [
      "\u0002",
      "\u0003",
      "\u0004",
      "\u0005",
      "\u0006",
      "\u0007",
      "\b"
    ],
    "skipRowsBeforeHeader": 0,
    "parseHeaderRow": false,
    "skipRowsAfterHeader": 0,
    "probableNumberOfRecords": 0,
    "normalizeBooleans": false,
    "normalizeDoubles": true,
    "readAdditionalColumnsBehavior": "INSERT_IN_DATA_WARNING",
    "readMissingColumnsBehavior": "DISCARD_SILENT",
    "readDataTypeMismatchBehavior": "DISCARD_WARNING",
    "writeDataTypeMismatchBehavior": "DISCARD_WARNING",
    "fileReadFailureBehavior": "FAIL",
    "compress": "gz"
  },
  "partitioning": {
    "ignoreNonMatchingFile": false,
    "considerMissingRequestedPartitionsAsEmpty": false,
    "dimensions": []
  },
  "versionTag": {
    "versionNumber": 40,
    "lastModifiedBy": {
      "login": "admin"
    },
    "lastModifiedOn": 1598532453661
  },
  "creationTag": {
    "versionNumber": 0,
    "lastModifiedBy": {
      "login": "admin"
    },
    "lastModifiedOn": 1589800398178
  },
  "tags": [],
  "params": {
    "connection": "filesystem_managed",
    "path": "${projectKey}/Catalogues_et_revues_accessibles_en_ligne___recensement___Catalogues_prepared",
    "notReadyIfEmpty": false,
    "filesSelectionRules": {
      "mode": "ALL",
      "excludeRules": [],
      "includeRules": [],
      "explicitFiles": []
    }
  },
  "schema": {
    "columns": [
      {
        "name": "Nommage_fichier",
        "type": "string"
      },
      {
        "name": "Type_source",
        "type": "string"
      },
      {
        "name": "Contributeur",
        "type": "string"
      },
      {
        "name": "Titre",
        "type": "string"
      },
      {
        "name": "Editeur",
        "type": "string"
      },
      {
        "name": "Editeur_scientifique",
        "type": "string"
      },
      {
        "name": "Lieu_publication_en",
        "type": "string"
      },
      {
        "name": "Date_publication",
        "type": "string"
      },
      {
        "name": "Langue_source",
        "type": "string"
      },
      {
        "name": "Format",
        "type": "string"
      },
      {
        "name": "Licence",
        "type": "string"
      },
      {
        "name": "Source_diffuseur",
        "type": "string",
        "meaning": "Text"
      },
      {
        "name": "Depot",
        "type": "string"
      },
      {
        "name": "Numerise_par",
        "type": "string"
      },
      {
        "name": "Date_numerisation",
        "type": "string"
      },
      {
        "name": "Auteur",
        "type": "string"
      },
      {
        "name": "Type_evenement",
        "type": "string"
      },
      {
        "name": "Date_debut_exposition",
        "type": "string",
        "meaning": "DateSource"
      },
      {
        "name": "Date_fin_exposition",
        "type": "string"
      },
      {
        "name": "Notes_catalogue_expo",
        "type": "string"
      },
      {
        "name": "Titre_exposition",
        "type": "string"
      },
      {
        "name": "Exposition_itinerante",
        "type": "string"
      },
      {
        "name": "Ville_exposition_en",
        "type": "string"
      },
      {
        "name": "Pays_en",
        "type": "string"
      },
      {
        "name": "Etat_en",
        "type": "string"
      },
      {
        "name": "Titre_groupe_expositions",
        "type": "string"
      },
      {
        "name": "Type_groupe_expositions",
        "type": "string"
      },
      {
        "name": "Titre_section",
        "type": "string"
      },
      {
        "name": "Adresse_section_decrite_dans_catalogue",
        "type": "string"
      },
      {
        "name": "Lieu_exposition_section_unique",
        "type": "string"
      },
      {
        "name": "Type_lieu",
        "type": "string"
      },
      {
        "name": "Numero_et_nom_rue_section",
        "type": "string"
      },
      {
        "name": "Etage_section",
        "type": "string"
      },
      {
        "name": "Lieu-dit_section",
        "type": "string"
      },
      {
        "name": "Complement_adresse_section",
        "type": "string"
      },
      {
        "name": "Notes_section",
        "type": "string"
      }
    ],
    "userModified": true
  },
  "metrics": {
    "probes": [
      {
        "type": "basic",
        "enabled": true,
        "computeOnBuildMode": "PARTITION",
        "meta": {
          "name": "Basic data",
          "level": 0
        },
        "configuration": {}
      },
      {
        "type": "records",
        "enabled": true,
        "computeOnBuildMode": "NO",
        "meta": {
          "name": "Record count",
          "level": 0
        },
        "configuration": {}
      }
    ],
    "engineConfig": {
      "padRunsWithMetrics": false,
      "hive": {
        "active": true,
        "extraConf": []
      },
      "basic": {},
      "dss": {
        "active": true,
        "selection": {
          "useMemTable": false,
          "filter": {
            "distinct": false,
            "enabled": false
          },
          "partitionSelectionMethod": "ALL",
          "latestPartitionsN": 1,
          "ordering": {
            "enabled": false,
            "rules": []
          },
          "samplingMethod": "FULL",
          "maxRecords": -1,
          "targetRatio": 0.02,
          "withinFirstN": -1,
          "maxReadUncompressedBytes": -1
        }
      },
      "sql": {
        "active": true
      },
      "impala": {
        "active": true
      },
      "spark": {
        "active": true,
        "extraConf": []
      },
      "python": {}
    },
    "displayedState": {
      "columns": [],
      "metrics": [
        "basic:COUNT_COLUMNS",
        "basic:COUNT_FILES",
        "basic:SIZE",
        "records:COUNT_RECORDS"
      ]
    }
  },
  "metricsChecks": {
    "runOnBuild": false,
    "checks": [],
    "displayedState": {
      "checks": []
    }
  },
  "customFields": {}
}