{
  "type": "join",
  "neverRecomputeExistingPartitions": false,
  "optionalDependencies": false,
  "customMeta": {
    "kv": {}
  },
  "redispatchPartitioning": false,
  "maxRunningActivities": 0,
  "inputs": {
    "main": {
      "items": [
        {
          "ref": "Catalogues_et_revues_accessibles_en_ligne_recensement___Revues_prepared",
          "deps": []
        },
        {
          "ref": "Catalogues_et_revues_accessibles_en_ligne_recensement___revues_modernes_prepared",
          "deps": []
        }
      ]
    }
  },
  "outputs": {
    "main": {
      "items": [
        {
          "ref": "Catalogues_et_revues_accessibles_en_ligne_recensement___Revues_prepared_joined",
          "appendMode": false
        }
      ]
    }
  },
  "versionTag": {
    "versionNumber": 6,
    "lastModifiedBy": {
      "login": "admin"
    },
    "lastModifiedOn": 1598913991461
  },
  "creationTag": {
    "versionNumber": 0,
    "lastModifiedBy": {
      "login": "admin"
    },
    "lastModifiedOn": 1592838435084
  },
  "tags": [],
  "customFields": {},
  "checklists": {
    "checklists": []
  }
}