{
  "type": "join",
  "neverRecomputeExistingPartitions": false,
  "optionalDependencies": false,
  "customMeta": {
    "kv": {}
  },
  "redispatchPartitioning": false,
  "maxRunningActivities": 0,
  "inputs": {
    "main": {
      "items": [
        {
          "ref": "Catalogues_et_revues_accessibles_en_ligne___recensement___Catalogues_prepared",
          "deps": []
        },
        {
          "ref": "Catalogues_et_revues_accessibles_en_ligne_recensement___Revues_prepared_joined",
          "deps": []
        }
      ]
    }
  },
  "outputs": {
    "main": {
      "items": [
        {
          "ref": "prototype_avec_manifestes",
          "appendMode": false
        }
      ]
    }
  },
  "versionTag": {
    "versionNumber": 5,
    "lastModifiedBy": {
      "login": "admin"
    },
    "lastModifiedOn": 1598914004265
  },
  "creationTag": {
    "versionNumber": 0,
    "lastModifiedBy": {
      "login": "admin"
    },
    "lastModifiedOn": 1592838652637
  },
  "tags": [],
  "customFields": {},
  "checklists": {
    "checklists": []
  }
}